Rating,Waktu,Teks_Mentah,Tanggal_Scrap
5,4 hari lalu,"Tempat dimana Siksorogo Lawu Ultra selalu dilaksanakan. Kalau event ini lagi diselenggarakan maka bumi perkemahan ini ditutup total beberapa hari untuk mendukung acara gelaran akbar Trail Running di Indonesia. Kondisinya asri dan sejuk, akses mobil bisa sampai lokasi, hanya saja public transport belum ada, hanya ojek pangkalan aja yg ada.",2025-12-17
5,sebulan lalu,sangat okee,2025-12-17
5,sebulan lalu,outbond dan hok a hok e bersama teman teman,2025-12-17
3,2 bulan lalu,"Mantap,",2025-12-17
5,2 bulan lalu,Bagus,2025-12-17
5,2 bulan lalu,"Waktu tenang kalou sudah jam 00.00, sebelum itu bising kalou pas ada acara.",2025-12-17
5,3 bulan lalu,"Cuacanya bagus, ayo istirahat ğŸ˜ â€¦",2025-12-17
4,3 bulan lalu,Nyaman,2025-12-17
5,3 bulan lalu,Sangat asri dan menawan,2025-12-17
4,3 bulan lalu,Hidup lebih bermakna jika kita tahu tentang menghargai waktu untuk diri sendiri,2025-12-17
5,3 bulan lalu,"Area camping alamiah, natural",2025-12-17
1,3 bulan lalu,Sampai dsna malam ternyata camping ground nya ditutup ğŸ™ â€¦,2025-12-17
5,4 bulan lalu,"Menarik, pemandangan indah pohon tinggiÂ² menjulang.",2025-12-17
4,Diedit 4 bulan lalu,Nyaman utk liburan,2025-12-17
5,4 bulan lalu,"dinginn, enaak",2025-12-17
5,5 bulan lalu,alhamdulillah,2025-12-17
1,5 bulan lalu,"Kemping sabtu 6 juli 2025, Aturan jam malam tidak jelas. Tdk diterapkan oleh pengelola untuk mendisiplinkan pengunjung. Jam 00.30 tengah malam pengunjung masih berteriak2 utk acara, maupun menyetel musik sangat keras utk karaoke. Hingga sulit utk istirahat",2025-12-17
4,5 bulan lalu,Saat cuaca dingin banget,2025-12-17
1,5 bulan lalu,"Kagak jelas administrasi,,yang dilapangan bilang a di pos b ga JELASSS",2025-12-17
5,5 bulan lalu,"Seru, tempat perkemahan yang direkomendasikan.",2025-12-17
1,5 bulan lalu,"Bagus tempatnya, tapi berisiknya nggak ngotak... termasuk yg di villa2. Karaoke sampai jam 12 malem, bahkan lewat, nyetel musik pada kenceng2an... trail/mini trail sewaan yg knalpotnya berisik... perlu ada perbaikan aturan dan kesepakatan antar pengelola demi kenyamanan bersama.",2025-12-17
5,5 bulan lalu,Sekedar luar biasa Saya Pernah lewat taman ini Tapi hanya perkemahan ğŸ˜­ â€¦,2025-12-17
5,6 bulan lalu,jajak pendapat Iyup,2025-12-17
2,6 bulan lalu,harusnya â­5. dikurangi 3 karena : 1. suara berisik dari knalpot motorÂ² rental. sebaiknya diganti motor listrik semua. 2. suara berisik mobilÂ² jeep kw lalu-lalang. sebaiknya knalpot dibikin senyap atau standarnya. 3. suara berisik dari loudspeaker yg dibawa pengunjung. satu kelompok pengunjung merasa gembira tapi pengunjung lainnya terganggu. bagi yg hendak camping disini diharap maklum saja ğŸ˜‚,2025-12-17
4,6 bulan lalu,Lewat aja sih ğŸ¤£ â€¦,2025-12-17
4,7 bulan lalu,"Camping disini saat long weekend di bulan mei, suasana menyenangkan karena ramai, kita bisa camping di dekat mobil sehingga memudahkan mengambil barang di mobil. Suasana dekat sungai, dan hutan pinus yang sejuk, sangat tenang dan damai. â€¦",2025-12-17
1,7 bulan lalu,"Tolong untuk pengelola. Bila ada kegiatan acara tertentu di tertibkan. Hari minggu tgl 11 Mei, dtg untuk berkemah, dsna ada acara. Banyak kerusuhan termasuk perkelahian, bahkan minum2an keras yg seharusnya dilarang tp banyak sekali org2 minum  Istri dan anak saya sempat ketakutan karena mereka mabuk di sekitar tenda kami.  Bahkan hari ini saya pulang ternyata motor yg saya bawa send nya di patahkan sebalah kiri.  Sangat tidak nyaman Mohon diperbaiki peraturan dan keamanan nya",2025-12-17
4,7 bulan lalu,Tempatnya sejuk. View bagus. Mohon untuk lebih diperhatikan lagi toilet dan musholanya,2025-12-17
4,7 bulan lalu,Oke laj,2025-12-17
4,7 bulan lalu,"Camping disini saat long weekend di bulan mei, suasana menyenangkan karena ramai, kita bisa camping di dekat mobil sehingga memudahkan mengambil barang di mobil. Suasana dekat sungai, dan hutan pinus yang sejuk, sangat tenang dan damai. Sayang sekali kesini saat cuaca hujan, lebih baik camping saat cuaca cerah pasti lebih baik. Minus dsini air di toilet sangat kurang sehingga pesing, padahal dekat sungai dg air melimpah, tapi di toilet air tidak ada. Colokan listrik tersedia, sehingga aman untuk charge hp atau lampu.",2025-12-17
2,7 bulan lalu,VIP harga 500rb/mlm sangat tidak worth it... Kapok,2025-12-17
5,7 bulan lalu,"Pertama kali kesini anakku suka, udaranya segar.. sunyi gak terlalu berisik.. gak begitu dingin ya kalo siang.. mau kesini lagi pokoknya.. untuk bikin video ala2 fairy bagus banget..",2025-12-17
5,7 bulan lalu,Tiap tahun kesini dan menjadi tempat yang tak pernah bosan kudatangi. Ada kucing ganteng si Lucky,2025-12-17
5,Diedit 7 bulan lalu,"Idolaaa camping, km bersih, ada atv, suasana adeeem",2025-12-17
2,8 bulan lalu,"Tempat VIP nya kurang terawat,tegangan listrik nya 114 v jauh dibawah standar yg seharusnya 220v,water Heater rusak",2025-12-17
4,8 bulan lalu,"Camping ground lawas yang luas dan  menyenangkan di antara tegakan pinus  , fasilitas lengkap toilet air bersih listrik, bisa sewa tenda atau bawa sendiri tiket masuk 25k per org, bisa melakukan jalan2 di gunung dan main air di sungai kecil, bersih di hulu kl di sekitar tenda pd untuk cuci alat2 masak jd g bersih lagi. Rekomended utk camping di sini lagi",2025-12-17
4,8 bulan lalu,Nyaman tempatnya..sayang kemarin ada yg main petasan ditenda sebelah tapi g ditegur padahal ngganggu banget & bahaya buat pohon dstu..,2025-12-17
5,9 bulan lalu,Nyaman buat camping family,2025-12-17
5,9 bulan lalu,Tempat Bagus enak Bisa dipakai outbond Area bersih Nyaman Enak Buat camping,2025-12-17
5,9 bulan lalu,"Fasilitas toilet banyak, area luas dan mudah diakses. Untuk pengunjung lain mungkin bisa dihimbau tidak buang sampah sembarangan.",2025-12-17
5,9 bulan lalu,Tempat ok..pasti dingin. Masala di mobil2..off roud sangat mengganggu kebisingan kenalpot ..orang2..keliatan urakan semuanya.. Bagi yg ad acara sangat terganggu..,2025-12-17
4,9 bulan lalu,Toilet minim,2025-12-17
5,10 bulan lalu,"Nyaman, murah, banyak tempat, adem, bersih, akses mudah",2025-12-17
5,10 bulan lalu,"Syahdu banget disini. Cobain deh maen sekeluarga, terus bawa tiker sendiri, nongkrongnya di parkiran mobil sebelum loket masuk. Damai benerr kalo pas lagi sepi",2025-12-17
5,10 bulan lalu,Pemandangan yang sangat indah.,2025-12-17
4,10 bulan lalu,Adem,2025-12-17
5,11 bulan lalu,Bagus Nyaman Aman Sejuk Cocok untuk refresing,2025-12-17
5,11 bulan lalu,Sangat cocok untuk acara camping keluarga,2025-12-17
5,11 bulan lalu,"Tempatnya ngangenin.... Dari dulu tahun 1998 sudah sering camping. Tiketnya murah meriah, fasilitas cukup. Petugasnya ramah... Warung juga tersedia",2025-12-17
5,11 bulan lalu,Adem,2025-12-17
5,11 bulan lalu,"Nyaman, dingin, colokan listrik banyak, toilet memadai",2025-12-17
5,11 bulan lalu,"Salah satu destinasi bumi perkemahan terbaik. Suasana sekitar yang penuh dengan pepohonan rindang, mau sepanas apapun cuacanya bakal tetep sejuk. Tata ruang disini juga rapii banget, bersih, dan enak dipandang. ğŸ‘ğŸ» â€¦",2025-12-17
5,11 bulan lalu,penasaran banget sama tempat ini,2025-12-17
5,setahun lalu,Sangat bagus buat perkemahana dengan wahana yang sunyi asik dan luar biasa,2025-12-17
5,setahun lalu,"Tempat sejuk, asri, harga tiket terjangkau",2025-12-17
4,setahun lalu,Spesial!,2025-12-17
4,setahun lalu,Ke perahu karet,2025-12-17
5,11 bulan lalu,"Salah satu destinasi bumi perkemahan terbaik. Suasana sekitar yang penuh dengan pepohonan rindang, mau sepanas apapun cuacanya bakal tetep sejuk. Tata ruang disini juga rapii banget, bersih, dan enak dipandang. ğŸ‘ğŸ» Kalo capek jalan kaki buat naiknya, bisaa nyewa jeep. Fasilitas juga lengkap, kamar mandi sampai mushola pun adaa.  Cocok buat sekedar refreshing atau bahkan camping bareng keluarga. Bisa juga nih buat yang mau ngadain acaraa, dijamin hepi disini. ğŸ™ŒğŸ»",2025-12-17
5,setahun lalu,"CAMP Wenak! Kamar mandi banyak, listrik ada, pinusnya ademmm weekend rame pwol, kalau mau tenang di weekdays",2025-12-17
5,setahun lalu,04/11/2024 WGC,2025-12-17
5,setahun lalu,"saya sangat senang camp disini tempat nya bagus ,nyaman ,fasilitas ok . listrik ,toilet ,mushola ,dan penjual kayu bakar juga ada . â€¦",2025-12-17
4,setahun lalu,"Tempat camping yang sudah ada sejak tahun 80-an ini areanya cukup luas dan mudah dijangkau. Cocok untuk ngecamp sekeluarga dari balita sampai manula maupun rombongan. Untuk rombongan disarankan booking tempat dulu supaya dapat lokasi yang sesuai jumlah rombongan, untuk individu bisa langsung datang & memilih tempat yang kosong. Area untuk mendirikan tenda ada dikanan dan kiri jalan yang sudah di cor halus. Tiket masuk include sewa tempat camping 20K per orang. Fasilitas yang ada yaitu toilet dan colokan listrik dengan jumlah terbatas, disarankan bawa T stecker & kabel ektensi yang panjang. Disini ada persewaan peralatan camping juga, tapi jumlahnya terbatas jadi lebih baik booking dulu. Selain warung makan 24 jam yang jumlahnya ada lebih dari 5, disini sering ada pedagang keliling dari bakso, cilok sampai susu segar. Ada juga persewaan sepeda listrik, ATV dan kuda. Jadi dijamin agak akan gabut kalo ngecamp di sini. Di area camping udaranya sejuk dan cenderung dingin menggigil di malam hari, jadi siapkan jaket ya kalo ngecamp. Minusnya tempat ini adalah gak ada view semacam city light ataupun hamparan sawah tapi hanya hutan pinus di sekeliling tenda saja. Overall buper sekipan kalisoro ini rekomended untuk fun camp bareng sekeluarga & serombongan.",2025-12-17
5,setahun lalu,Refreshing seluruh keluarga...ğŸ‘ â€¦,2025-12-17
5,setahun lalu,"Sejuk,nyaman cocok buat camp",2025-12-17
5,setahun lalu,"Tempatnya nyaman,, pertama kalinya kesini ngecamp bersama keeluarga besar paguyuban suami..",2025-12-17
5,setahun lalu,Nyaman dan aman untuk balita,2025-12-17
5,setahun lalu,Luar biasa tempat dan fasilitasnya terjamin...  Suasana nya... Bagus banget utk. Keluarga besar,2025-12-17
4,setahun lalu,Sejuk dan nyaman,2025-12-17
5,setahun lalu,"saya sangat senang camp disini tempat nya bagus ,nyaman ,fasilitas ok . listrik ,toilet ,mushola ,dan penjual kayu bakar juga ada . cuman 1 yanh perlu di benahi pengelola harus memberi peraturan agar pengunjung ngerasa nyaman untuk acara hang menggunakan sond sistem harus di beri batas waktu max jam 12 malam . disini kita ingin santai tenang tidak brisik . mohon di beri peraturan  di depan loket atau areca camp biar semua bisa menjaga ketenangan . ini sangat perlu di perhatikan tengah malam masih banyak yang pakai sond hingga pagi . ini sangat mengganggu.",2025-12-17
5,setahun lalu,"Camping ground luas dan nyaman, tempat bersih",2025-12-17
5,setahun lalu,Cocok untuk camp dan tempat refreshing keluarga...HTM ekonomis dan ramah dikantong,2025-12-17
5,setahun lalu,"Tempat camping friendly kids.. bersih tempatnya, klo pagi banyak jajanannya. Persewaan tenda, sleepingbag, lengkap gaes..",2025-12-17
5,setahun lalu,"Sangat cocok sekali untuk liburan bersama keluarga yang bertema outdoor. Fasilitas air dan listrik juga ada. Namun stop kontaknya terbatas, sehingga sebelum camping jangan lupa membersiapkan extension cable.",2025-12-17
5,Diedit setahun lalu,Mantap..buat rekreasi keluarga..murah. tp bukan murahan,2025-12-17
5,setahun lalu,"Tempatnya cocok untuk acara gathering perusahaan, liburan camping bersama keluarga dan juga tempatnya luas  Bnyak persewaan sepeda listrik jika tidak mau jalan kaki,,,  Hawanya sangat dingin kalau malam hari  Rekomendasi banget buat yg punya rencana acara camping di akhir pekan",2025-12-17
5,setahun lalu,"Nyaman tempatnya, bersih dan luas. Mau ke toilet , mandi air hangat dekat. Lain kali mau kemah kesini lagiğŸ’ƒğŸ’ƒğŸ‘ğŸš—ğŸš— â€¦",2025-12-17
5,setahun lalu,Sekipan view nya memang liar biasa.. Harga tiket masuknya 25k/orang,2025-12-17
5,setahun lalu,"Pos pertama Jeep Adventure Sekipan, dan tempat terindah menikmati suasana alam Tawangmangu. â€¦",2025-12-17
5,setahun lalu,"Bismillah. Tempat bersenang senang dengan keluarga dengan suasana pegunungan yang menyenangkan. Mainan lumayan lengkap, makanan di dalam harga lumayan terjangkau, tiket terusan bisa dipakai di semua wahana. Klo bisa wahana rainbow slide nya juga masuk di tiket terusan. Semoga sukses dan ramai sekalie.",2025-12-17
5,setahun lalu,"Pos pertama Jeep Adventure Sekipan, dan tempat terindah menikmati suasana alam Tawangmangu.  Bareng siapapun disini momennya jadi istimewa.  I love Skipan",2025-12-17
4,setahun lalu,"Langganan banget kalo mau camp dari tahun 2015, pas masih sepi2 nya belom seramai sekarang, jalanya jga masih benatuan. Oiya btw tolong dibenahi dong buat pengelolanya, tolong banget kasih aturan ""JANGAN SETEL MUSIK BANTER DI ATAS JAM 12 MALAM"" ini beneran ganggu bgt bgt, kemarin terakhir tgl 6-7 juli camp sekitar jam 3an dini hari ada yg nyetel musik banter bgt sampe gk bisa tidur, anakku juga jadi gk nyaman tidurnya, niat mau healing dapet suasana tenang, denger suara alam dll malah jadi sumpek perkara ada yg nyetel musik banter bgt di jam tidur... tolong yaa di benahi biar semakin nyaman... MakasihğŸ˜ŠğŸ˜Š",2025-12-17
1,setahun lalu,"Tempatnya bagus, menyenangkan.. Tapi..... â€¦",2025-12-17
5,setahun lalu,Banyak toilet...adem walo sampai siang,2025-12-17
3,setahun lalu,"Suasana alamnya dapet banget.. tetapi ada kekurangan di bagian kamar mandi.. jumlah kamar mandinya sedikit, kotor, dan airnya kurang lancar",2025-12-17
5,setahun lalu,"Pengen lagi..kpan2...mau dijadwal kan kesana lagi... seru ,rame",2025-12-17
5,setahun lalu,Bagus tapi pas camp orang karaokÃ© malemÂ² sampe tengah malem jadi agak ganggu kalo mau istirahat,2025-12-17
5,setahun lalu,Recomended.. ğŸ‘ğŸ‘ğŸ‘ â€¦,2025-12-17
5,setahun lalu,"Udara pagi sejuk, seger, cocok untuk refreshing ngilangin penat, kalau masuk ke bupernya bayar @20 rb kalau ga salah",2025-12-17
5,setahun lalu,Great Place !!! Bersih terawat dan alami. Dinginnya bikin rindu balik lagi.,2025-12-17
5,setahun lalu,"Tempat camping aman, sejuk dan udara segar. Kalau camping wajib bawa jaket, kaos tangan, topi kepala dan kaos kaki. Mobil dan motor bisa masuk, jadi nyaman, tersedia juga camping VIP",2025-12-17
5,setahun lalu,Tempat yg bagus buat rekreasi bersama keluarga. Harga terjangkau,2025-12-17
4,setahun lalu,"Luas, bersih, mantap. Ada penjual kebutuhan camp ( makanan dan minuman) ada banyak toilet , air terjaga kebersihan dan ketersediaan. Ada pengagaan di pos.",2025-12-17
5,setahun lalu,"Tempatanya nyaman, sejuk dan area campnya luas...",2025-12-17
4,setahun lalu,Sejuk nyaman tidak berisik,2025-12-17
1,setahun lalu,"Tempatnya bagus, menyenangkan.. Tapi.....  Fasilitas kurang di pelihara: 1. Wastafel, hampir semua tidak berfungsi 2. Toilet, hampir semua gak beres, ada yg gx bisa d siram, lampu mati, air mati, air menggenang, kotor luar biasa, gx bisa di kunci 3. Camping itu cari ketenangan, tapi hingga semalaman suara pengunjung yg bawa sound bikin anak"" gak bisa tidur, sangaaaat mengganggu  Semoga berbenah !!",2025-12-17
5,setahun lalu,"Tanggal 16/06/2024 kami camping sekeluarnya. Tidak ada masalah dengan camping ground ini, tempatnya luas, klw malam dingin, cuma malam ini kami ga hoki., kebarengan sama manusia alay yg datang. camping tengah malam pengen ngrasain suasana tenang, hening, menyatu dengan alam malah nyetel musik ga stop sampe dini hari (skrg pukul 01.36 tgl 17 juni 2024) . setel musik dari jam 12an ! Dapetnya stress !!! Pengen banget mesuh2 gara2 manusia alay ini !!! Kenapa ga dirumah aja klw mau nyetel musik ???? Kalian sadar ga itu mengganggu ? Kalian ga bisa bedain kah di alam sama di rumah ??? Kalau di pagi hari sampe sore okelah mo nyetel musik! Ini sampe dini hari ga stop. Ya ALLAH , cuma bisa sabar, pengen tidur ga bisa !!!",2025-12-17
3,Diedit setahun lalu,Lokasinya agak kotor dan becwk,2025-12-17
5,setahun lalu,Banyak perubahan setelah 17 tahun berlalu,2025-12-17
5,setahun lalu,"Kesini pas naik jeep adventure, milih off-road yang menantang, ternyata rutenya memang cukup menantang ğŸ˜ tapi seru banget â€¦",2025-12-17
5,setahun lalu,Sejuk dengan sejuta keindahan dan kenyamanan,2025-12-17
4,setahun lalu,"Dingin, sejuk, pohon pinus cukup rindang. Minusnya musik sampai dinihari padahal lebih merdu suara alam ditambah gemercik aliran air di sungai kecil. Air bersih tidak mengalir, air toilet lancar, meskipun jernih namun kurang bersih karena potongan dedaunan atau ranting kecil ikut terbawa. Toilet perlu ditambah lagi.",2025-12-17
5,setahun lalu,"Sangat ramai, lumayan bersih dan terjaga, cocok untuk rekreasi dalam jumlah besar. Kurang cocok untuk mencari ketenangan",2025-12-17
5,Diedit setahun lalu,"Seruuuu.. camping bersama keluarga dan kebetulan juga pas rame karena weekend. Tempatnya aman, luas, nyaman juga karena masih dekat dengan pemukiman dan juga villa di sekitar bukit sekipan Tawang Mangu. Disekitar juga banyak warung makanan dan jajan jadi yang bawa anak anak tidak perlu khawatir.",2025-12-17
5,setahun lalu,"sejuk banget, biasa dipakai untuk kemah, outbond, atau acara gathering. kmrn pas weekend HTM masuk 20k.. ada toilet umum dan warung untuk jajan",2025-12-17
3,setahun lalu,"Kurang rekomended untuk camping bersama anak-anak. Tidak ada petugas yang mengarahkan lokasi mana yang masih kosong. Tidak semua lokasi camp ada sumber listrik,jadi pintar-pintar kita untuk mencari lokasi. Saat saya datang kesulitan mencari lokasi pasang tenda karena sudah penuh. Setelah berkeliling cukup lama,akhirnya dapat di bagian atas dekat dengan pepohonan,yang ternyata disebaliknya banyak tumpukan sampah yang bau. Saya dan beberapa anggota keluarga terkena gigitan lintah, alhasil semua panik karena bawa anak-anak. Ada area Playground anak,tetapi tidak terawat dan kotor. Menurut saya lokasi sebenarnya sangat luas, cuma kurang tertata dan terawat.",2025-12-17
4,setahun lalu,Belasan tahun lalu saya ke sini berkemah dengan kawan sekolah. Kondisinya tidak banyak berubah. Kebersihan kurang terjaga.,2025-12-17
4,setahun lalu,"Camping ground terfavorit. Tempat luas, nyaman, sejuk. Ada toilet, mushola, aliran listrik. Ada warung, persewaan tenda dan alat camping. Tiket masuk 20 ribu, camping per-orang 25 ribu. Cocok untuk keluarga, outbound, atau kegiatan alam lainnya. Tersedia juga Jeep off-road.",2025-12-17
5,setahun lalu,"Suka banget disini, ngecamp yg vibe nya hutan... Listrik ada, sinyal ngacir... Dinginnya mantap Klo mau ngecamp disini, disiapin sleeping bag atau selimut yg tebel ya...",2025-12-17
3,setahun lalu,"sudah tidak alami lagi, banyak spot yang hilang misal : lapangan candi tertutup tumbuhan liar tidak terawat",2025-12-17
5,setahun lalu,"Tempatnya enak bnyak toilet setiap lokasi camp ada colokan listrik seru sih .. Kpan"" Mau balik lagi soalnya ank aku suka bgt frendly pokoknya buat anak""",2025-12-17
5,setahun lalu,"Areanya bagus, banyak pilihan space, udaranya segar dan dingin, air bersih melimpah, toilet dan twmpat sampah tersedia banyak. Saran : kebersihan toilet perlu ditingkatkan, stop kontak listrik perlu diperbanyak, wastafel umum perlu ditambah. Tarif HTM 20K dan Camping 25K (sebaiknya disamakan saja HTM 20K baik mau camping atau hanya berkunjung). Fasilitas Musholla perlu ditingkatkan pemeliharaan dan kebersihannya.",2025-12-17
5,setahun lalu,Udara sejukk segerrr  bgt kalau bisa dibawa oulang tuh udaranyA,2025-12-17
4,setahun lalu,"tempat luas, adeem",2025-12-17
5,setahun lalu,Pilihan tempat camping terbaik..,2025-12-17
5,setahun lalu,Tempat start Siksorogo Lawu Ultra.,2025-12-17
4,Diedit setahun lalu,"tempat recommend untuk campervan, outbond, healing di tepi gunung lawu karanganyar",2025-12-17
5,setahun lalu,"Camping disini sejak covid melanda dan jadi keterusan,sudah habis 3 tenda, yg penting bocil nya seneng hampir tiap 2 bln sekali kesini,, masih menjadi t4 favorit",2025-12-17
5,setahun lalu,Bagus,2025-12-17
2,setahun lalu,"Saya kesini pas libur Natal 2023, penuh sesak, tapi alhamdulilah dapet tempat yg kosong di atas.  Ada segerombolan ibu2 dan bapak2 entah dari mana mereka karaokean sampai subuh. Tidak ada petugas yg menegur, saya mau menegur pun males cari ribut. Akhirnya saya gak tidur semaleman.  Intinya kalau nau camping disini jangan pas hari libur, krna psti penuh dan banyak orang2 kurang bijaksana karaokean musikan sampek subuh, big no banget deh camping disini , petugasnya ignorant gak mau negur.  Sempet ngobrol sama tetangga tenda yg sering camping di bukit sekipan, memang dari dulu camping disini tuh terkenal berisiknya dan petugasnya bodo amat. Beliau saran kalo kesini pas weekday aja biar aman, tp kayaknya saya gak akan balik kesini. Kapok banget.  Air di toilet sering mati, toilet dari bambu, bolong2 lagi, takut keliatan dr luar.  Pokoknya gak banget camping disini cukup sekali aja. Semoga ada perbaikan dr pengelola",2025-12-17
5,setahun lalu,Ramah anak tetap dalam pengawasan yaa. Ini bisa jd alternatif stress release yg murah,2025-12-17
5,setahun lalu,"Tempat camping untuk keluarga, tempat cukup nyaman, bersih, parkir yg luas dan tersedia fasilitas umum seperti toilet dan mushola. Petugas ramah dan sangat membantu. Ada pedagang sate kelinci, es krim dan pentol yang berkeliling dengan naik motor dengan harga sangat murah. Sate lengkap dengan lontong hanya 20rb. Pentol dan es krim juga terjangkau Jika turun sedikit dengan berjalan kaki ada pedagang gorengan yg menjual mendoan per pcs nya 2000 rupiah.",2025-12-17
5,setahun lalu,Tempat camping yang aman dan nyaman bagi keluarga. Mantaapp..,2025-12-17
5,setahun lalu,Nyaman tempatnya. Pelayanan ramah dan cepet. Harganya terjangkau.,2025-12-17
5,setahun lalu,"Sekarang sudah banyak berubah, lebih keren, lebih lengkap, bisa camping, bisa penginapan, home stay sampai VIP Camping.",2025-12-17
5,setahun lalu,"Tempatnya sangat sejuk, asri, lokasi camp juga luas dan toilet juga banyak. Airnya dingin, tapi ada banyak fasilitas air panas di warung-warung.",2025-12-17
4,setahun lalu,"Bagi pemula yang ingin merasakan tidur di alam bisa mencoba tempat ini, medan tidak terlalu berat dan jalan utama sudah di cor, terdapat persewaan APV dan Motor listrik",2025-12-17
5,setahun lalu,"pemandangan indah, udara sejuk dan luas",2025-12-17
5,setahun lalu,"Camping ground untuk berkemah group maupun solo.  (+) Tempat aman dan nyaman, fasilitas cukup. Akses mudah.  (-) Awas ranting pinus kering. Waktu saya camping ada mobil yg kejatuhan.",2025-12-17
5,setahun lalu,"Area cukup luas, nyaman, sejuk. Sedia sewa tenda (bermacam ukuran), dan perlengkapan berkemah lainnya. Air bersih tersedia, kamar mandi dan toilet juga banyak.",2025-12-17
5,setahun lalu,"Kesini tanpa rencana, ternyata enak buat ngadem. Bahkan kepikir sewa alat2 camping sekalian hehehe. Tiket masuk 20rb klo berkunjung dan 25rb klo camp. Cocok buat ngadem dari hiruk pikuk kota. Banyak toilet dilokasi. Juga ada persewaan sepeda listrik dan atv. Buat yang pengen camping juga tersedia persewaan alat2 camping.",2025-12-17
5,setahun lalu,Alhamdulillah tempatnya suejuk banget dan super keren. Recommended banget yang ingin camping atau berlibur ke tawangmangu.,2025-12-17
5,setahun lalu,"Tempat Camping yang sangat menyenangkan, tempat nyaman, sejuk....",2025-12-17
5,setahun lalu,"Kemping di antara pohon-pohon Pinus yg menyenangkan! Teduh, dingin, asri, dan fasilitas seperti toilet dan musolanya terjaga dengan baik. Toiletnya banyak dan tersebar di area camping. Sangat cocok untuk keluarga karena ada penyewaan ATV, motor listrik, dan  naik kuda.",2025-12-17
5,setahun lalu,"Kedua kalinya camping disini .. banyak penjual jajan,ada sungai kecil juga & persewaan motor listrik.. toilet cukup banyak,tp kebersihannya harus ditingkatkan lagi..",2025-12-17
5,Diedit setahun lalu,"Tempatnya sejuk, makanan byk yg jual, kamar mandi lumayan bersih cari yg diatas, krn baru dibangun, kalo pagi dingin sekali.. seru ada sungainya.. bisa bt keceh anak2 aman",2025-12-17
1,setahun lalu,Bakar sampah 24 jam non stop. Semua orang di bawah kebauan. Tolong dimanage dengan baik sampahnya.,2025-12-17
5,setahun lalu,"bumi perkemahan cocok bersama keluarga,suasana yg alami,udara sejuk,sumber mata air yg jernih",2025-12-17
4,setahun lalu,Asik buat yg pengin ngadem...,2025-12-17
5,setahun lalu,"Hidup bersama alam, pengalaman luar biasa... Liburan yg menyenangkan..",2025-12-17
4,setahun lalu,"Campground legend sejak dulu, banyak yg camping di sekipan, Kita hanya jalan jalan kmrn, alangkah baiknya parkir motor Dan mobil bisa dipusatkan shg camping area hanya tenda tenda.",2025-12-17
5,setahun lalu,Asik.,2025-12-17
4,setahun lalu,Asyik untuk liburan keluarga & outbond,2025-12-17
5,2 tahun lalu,"Tempat yang digunakan untuk kegiatan Siksorogo lawu ultra 2023 sebagai tempat pendaftaran, Start, maupun Finish, dan minimnya toilet jika digunakan event besar, tempatnya lumayan luas, bisa digunakan untuk event event lainya, pelayananan sangat ramah, akses kendaraan roda 4 menuju lokasi wajib simpangan",2025-12-17
5,2 tahun lalu,"Udaranya benar2 asri, cocok buat piknik",2025-12-17
5,2 tahun lalu,"Saya dan anak2 ke sini saat mengikuti lomba lari Siksorogo. Baru tahu yg namanya Bumi Perkemahan Sekipan. Dari jalan raya Solo Magetan, belok ke kanan. Jalannya tdk besar tapi bs utk sliringan mobil. â€¦",2025-12-17
5,2 tahun lalu,"Sekarang udah lebih bersih dan rapi, banyak site untuk campingnya. Semoga selalu terjaga kebersihannya. Recommended.",2025-12-17
5,2 tahun lalu,"Saya dan anak2 ke sini saat mengikuti lomba lari Siksorogo. Baru tahu yg namanya Bumi Perkemahan Sekipan. Dari jalan raya Solo Magetan, belok ke kanan. Jalannya tdk besar tapi bs utk sliringan mobil. Terus lurus tdk begitu jauh. Di kiri kanan jalan nanti ada banyak villa yg disewakan, dengan berbagai macam type dan harga. Saat itu Bumi Perkemahan Sekipan suasana ramai peserta lomba.  Jd kurang tahu saat hari biasa, saat tidak ada lomba, apa saja yg ada di sini. Klo saya perhatikan tempatnya luas, dingin, rindang, tenang. Pokoknya seneng deh di sini. Bikin betah. Ada musholanya juga. Saya sempat ngobrol dengan penduduk setempat yg menawarkan villa. Katanya kalau akhir pekan selalu ramai, vila2 juga penuh. Kalau akhir tahun harga villa naik sampai 3x lipat. Wow... Tapi memang bagus sih tempatnya. Dari sini kita jg bs wisata jeep, naik kuda dll",2025-12-17
5,2 tahun lalu,"Sejuk, bau pohon cemara dan tanah basah best banget Gak tau rasanya camping disini, karena kesini pas event siksorogo ajah sih.",2025-12-17
5,2 tahun lalu,"cocok bgt buat acara camping, suasana adem, ada banyak penginapan. Tapi kemarin aku disana pas ada acara lomba lari jd fotonya ya pas acara itu.",2025-12-17
5,2 tahun lalu,Nyaman dan bikin segar,2025-12-17
5,2 tahun lalu,"Event SLU 2023, membuat Bumi Perkemahan Sekipan sangat ramai dan meriah",2025-12-17
5,2 tahun lalu,"Datang kesini untuk ikut event Siksorogo Lawu Ultra, sempat mampir ke camping ground nya yang luas dan banyak tersedia warung dan toilet (sangat penting), sangat memadai dan recommended untuk menginap dengan tenda ğŸ‘Œ â€¦",2025-12-17
5,2 tahun lalu,Tempat yang bagus,2025-12-17
4,2 tahun lalu,Bumi Perkemahan Sekipan Tawangmangu - Jawa Tengah,2025-12-17
5,2 tahun lalu,"Terakhir kesini pas event siksorogo lawu ultra. Tempatnya cocok buat camping, banyak villa penginapan di sekitar, cocok untuk outbond juga.",2025-12-17
5,Diedit 2 tahun lalu,"Sangat bagus untuk menenangkan pikiran, melepas penat kegiatan sehari hari",2025-12-17
4,2 tahun lalu,"Perkemahan Sekipan terletak di lereng Gunung Lawu, dekat Tawangmangu. Cuacanya dingin di malam hari, dan hangat di pagi hari. Terdapat banyak toilet dengan air dingin, dan area outbond. Saya menikmati udara segar dan suasana alamnya, tetapi saya tidak suka pengunjung memutar musik hingga tengah malam.",2025-12-17
5,2 tahun lalu,"Tempat paling wenak buat camp, recommended banget si ini",2025-12-17
3,2 tahun lalu,"Tempat yang indah, luas dan sangat potensial untuk wisata alam. Namun terlihat agak terbengkalai dan jeep off the road masuk sampai dalam, selain merusak jalur alam juga berisik. Ada sebuah candi kecil yang mungkin asli situs bersejarah bernama Candi Sekarjinggo. Banyak camp ground yang tersedia. Semoga pengunjung menjaga kebersihan dan tidak merusak alam yg indah di sekitarnya",2025-12-17
5,2 tahun lalu,Nyaman tempatnya....cocok untuk camping keluarga Rekomended,2025-12-17
4,2 tahun lalu,Sejuk,2025-12-17
5,2 tahun lalu,Suasana asik,2025-12-17
5,2 tahun lalu,Mantab tempat e Ok bangets,2025-12-17
4,2 tahun lalu,"toilet banyak, cocok main kemah2an sama bocil",2025-12-17
5,2 tahun lalu,"Mantab, cocok untuk berkemah bersama keluarga",2025-12-17
5,2 tahun lalu,Tempatnya cocok untuk camping,2025-12-17
1,2 tahun lalu,Kecewa gak rapi,2025-12-17
5,2 tahun lalu,Not bad..lumayan kok,2025-12-17
5,Diedit 2 tahun lalu,Tempat yg cocok untk refresing. Teringat waktu diksar mapala uns dulu,2025-12-17
5,2 tahun lalu,Cocok buat refreshing keluarga.. mantap ğŸ‘ â€¦,2025-12-17
4,2 tahun lalu,"Untuk piknik oke, untuk healing terlalu berisik, terutama saat weekend banyak kegiatan outbound dan kelompok camping yang bawa speaker",2025-12-17
5,2 tahun lalu,Tertawa,2025-12-17
4,2 tahun lalu,"Tempat nyaman.. Hanya saya TIDAK SUKA BERISIK.. SPEAKER PARA PENGUNJUNG SEPERTI BERLOMBA-LOMBA PALING KERAS., pada siang hari",2025-12-17
3,2 tahun lalu,"Tempatnya bagus. Namun, ada baiknya jika diberikan regulasi atau peraturan tertentu. Seperti mulai jam 10 pengunjung camp dilarang membuat keramaian. Soalnya pasti banyak orang ngecamp disini tujuanya untuk menjauh dari hiruk pikuk kota, â€¦",2025-12-17
3,2 tahun lalu,"Kurang bagus soalnya, buat apa cuma jalan kaki keliling kamp tapi gak menginap harus bayar.....",2025-12-17
1,2 tahun lalu,"Berisik sama musik2 koplo, gak rekomendasi buat penyuka alam dan camp tenang.",2025-12-17
2,2 tahun lalu,"Yang kesini pas weekend buat nenangin pikiran jauh dari kebisingan dan adem ayem, mending buang jauh2 deh ekspektasi itu. Buper sekarang udah banyak terkontaminasi sama campinger2 alay gak punya OTAK sama Akhlak ke hutan bawa speaker2 segede gaban buat dangdutan koplo bego'. Pengelola seharusnya juga bijak kasih peraturan yg jelas. Minimal kasih waktu maksimal kalo mau bikin acara kek gituan, bukan jam 24.00 masih jeglar jeglur bunyi sound, atau kasih tempat yg rada minggir jauh dari pengunjung lain yg rata2 pengen ketenangan kalo camping. Udah berkali2 kesini tapi malah semakin edan kalo weekend. Hadeehhh.... pengen kasih bintang 1 rasanya, tapi gak tega.",2025-12-17
3,2 tahun lalu,"Tempatnya bagus. Namun, ada baiknya jika diberikan regulasi atau peraturan tertentu. Seperti mulai jam 10 pengunjung camp dilarang membuat keramaian. Soalnya pasti banyak orang ngecamp disini tujuanya untuk menjauh dari hiruk pikuk kota, tapi sampai sini malah kanan kiri nya karaokean volume keras sampai tengah malam. Padahla niatnya disini mau healing malah jadi nggak bisa menikmati.",2025-12-17
5,2 tahun lalu,Dingin,2025-12-17
5,2 tahun lalu,"Cocok banget, puas... Parkir luas",2025-12-17
5,2 tahun lalu,"Tempat camping yg menurut aku benerÂ² nyaman,bisa bawa anakÂ² juga. Tempatnya sangat Luuuaaarrrbiasa, Tidak jauh dr jalan raya...,jalannya juga lebar.  Udara yg sejuk, rindangnya pohon pinus yg sangat menyenangkan....biarpun dingin tp ttp oke bgt,  Ada musholla, ada kamar mandi juga ...lgsg dr mata air ,airnya seger sekali, bersih... Ada listriknya juga kalau pas camping jd bisa  utk memasak dsb,  Tempat yg sejuk....anakÂ² bs bermain di kali,krna lg kemarau jd airnya sdkt.... Tempat parkir luas,dimanaÂ² ada...jd buat tenda sekaligus bs utk parkir yess... Ada sewa sepeda listrik.juga ygy...  Htm 25 pas weekend kemarin,  Kuyyy...wajib bgt dicobainğŸ‘",2025-12-17
5,2 tahun lalu,Sejuk dan nyaman,2025-12-17
5,2 tahun lalu,Skipan makin keren ternyata... ğŸ˜ğŸ˜ğŸ˜ â€¦,2025-12-17
5,2 tahun lalu,Murah dan tempat sejuk buat keluarga,2025-12-17
5,2 tahun lalu,Skipan makin keren ternyata... ğŸ˜ğŸ˜ğŸ˜,2025-12-17
5,2 tahun lalu,"Mo nge-camp, disini sgt nyaman",2025-12-17
5,2 tahun lalu,"Campground Sekipan, salah satu tempat buat Camping yang family friendly banget, untuk tiket masuk juga terjangkau. Suasananya cocok buat healing dengan pepohonan yang rindang, udara yang sejuk, air yang bersih, fasilitas juga lengkap, toilet, mushola dan penyewaan tenda juga ada, kalo mau menginap di glamping juga bisa. Atau mau main Atv buat muter-muter di hutan disekitar camp area juga seru, kalo lapar atau mau ngemil bisa ke warung-warung yang ada disana dengan harga yang murah-murah. Banyak spot juga buat foto-foto, oiya disini juga ada candi juga loh, dengan mata air di dekatnya. kalo kamu punya acara gathering dengan konsep camping cocok banget di tempat ini!",2025-12-17
5,2 tahun lalu,Wisata adem,2025-12-17
5,2 tahun lalu,"Adem, luas, air berlimpah, toilet banyak...",2025-12-17
5,2 tahun lalu,"Ini kali kedua saya berkunjung ke tempat ini, yang pertama tahun 2003 dan sudah banyak perubahan, fasilitasnya cukup lengkap, airnya masih bersih dan udaranya masih sejuk namun tidak sedingin dulu.",2025-12-17
5,2 tahun lalu,Bumi perkemahan nya enak hanya tidak punya media sosial untuk menginformasikan penuh/tidaknya..dan kurang di kelola dengan baik kamar mandi nya,2025-12-17
5,2 tahun lalu,Sangat dingiin...,2025-12-17
4,2 tahun lalu,Toiletnya perlu pembenahan agar lebih bagus,2025-12-17
5,2 tahun lalu,Mantapp,2025-12-17
5,2 tahun lalu,Tempat sejuk dan nyaman untuk melepaskan kejenuhan rutinitas sehari-hari,2025-12-17
5,2 tahun lalu,Menyenangkan....bermalam di rumah pohon...,2025-12-17
5,2 tahun lalu,"Asik buat camping,",2025-12-17
4,2 tahun lalu,Bisa untuk tempat acara komunitas,2025-12-17
4,2 tahun lalu,Dingin beuutt,2025-12-17
4,2 tahun lalu,"Nginep di villa Sekitar sekipan, paginya sewa Skuter buat main kesini. Dingin bgt sampek keluar asapnya klo ngomong ğŸ˜‚ â€¦",2025-12-17
5,2 tahun lalu,Secara keseluruhan bagus. Hanya tidak ada penjaga malam yang mengingatkan kalo ada rombongan camping yang woyoÂ² karaoke sampai jam 12 malam lanjut nyetel murotal pake tape banter banget sampe aku raiso turu.,2025-12-17
4,Diedit 2 tahun lalu,Area hutan pinus yang sangat cocok untuk camping bersama keluarga ğŸ‘ğŸ¥¶ğŸ¥¶ğŸ¥¶ â€¦,2025-12-17
4,2 tahun lalu,Cocok untuk penyuka camping keluarga,2025-12-17
5,2 tahun lalu,tempatnya nyaman & sangat sejuk,2025-12-17
5,2 tahun lalu,Nyaman serta ramah anak,2025-12-17
5,2 tahun lalu,Piknik murah.. meriah.. hati senang gak mau pulang... Sejuk adem hati tenang..,2025-12-17
4,2 tahun lalu,"Tempat melarikan diri dari kesibukan dan rutinitas. Udara sejuk, area camping luas. Banyak persewaan tenda dan perlengkapan camping lainnya.",2025-12-17
4,2 tahun lalu,Cocok untuk rekreasi bersama keluarga,2025-12-17
4,2 tahun lalu,"Bagus, hawanya sejuk banget. Kami kebetulan nginep di villa dan pagi2 jalan2 sampai ke bumi perkemahan. Tp saran aja ya, tlg yg bekemah itu diawasi jangan boleh bakar2 sampah apalagi plastik2. Asapnya sungguh mengganggu dan jadi polusi udara. Sayang banget udara yg segar khas pegunungan jd tercemar asap bakaran plastik",2025-12-17
5,2 tahun lalu,"Tempat dan fasilitas enak, lengkap, udara dingin.",2025-12-17
5,2 tahun lalu,"Selalu ingin kesana,berbagi tempat camping.. berbagi toilet.. berbagi kayu bakar.. refreshh on pine tree ğŸ¥‚ â€¦",2025-12-17
5,2 tahun lalu,Tempatnya nyaman dan luas. Udaranya sejuk dan dingin. Lokasi mudah ditemukan.,2025-12-17
5,2 tahun lalu,"Sekarang sudah sangat tertata, mantapp!",2025-12-17
5,2 tahun lalu,"Sejuk, cocok bgt buat camp. Bisa maen aer, bisa nginep juga. Ada persewaan motor listrik, ada yg jualan juga ko.. kemarin outbound disini.",2025-12-17
4,2 tahun lalu,"Untuk camping keluarga, recomeded",2025-12-17
4,2 tahun lalu,Tempat favorit untuk berkemah,2025-12-17
5,2 tahun lalu,"Karena sy berkemah pd hr senin, jd sgt sepi pengunjung dan tdk ada warung yg buka malam hr nya. Pelayanan bagus, tmpt perkemahan bersih, penjaga ramah2, tarif sewa tenda nya paling mahal diantara bumi perkemahan2 lain di tawang mangu. Entah bgmn management nya krn tdk ada nita atau tiket sewa tenda nya.",2025-12-17
4,2 tahun lalu,Area wisata yg sejuk nyaman...,2025-12-17
5,2 tahun lalu,"Rekomended utk outbond, camping",2025-12-17
4,2 tahun lalu,"Tempat cocok buat camping, berlibur dan bersantai dengan keluarga, banyak toilet, tempat luas, terdapat masjid, banyak pedagang waktu pagi hari, terdapat sungai jernih, htm camp 25, non camp 20. Tersedia paket outbond, penyewaan sepeda listrik, dan atv",2025-12-17
4,2 tahun lalu,Pemandangan sangat bagus. Enak buat nge camp,2025-12-17
5,2 tahun lalu,Suasana okee.. Asri sejuk... tp kebetulan ada miss aja pas kami ada acara disini.. kebetulan kami mengadakan ibadah oadang dgn menyewa tenda untuk berjaga bila hujan tiba.. 1bulan lalu kami sdh membayar pelunasan.. tetiba nya di sana lokasi yg kami tunjuk sudah di pakai buat camp keluarga lain.. alhasil kami harus pindah lokasi.. mohon pihak pengelola dan persewaan tenda bisa lebih memperhatikan lagi.. karena kami ada 1bus + 6mobil.. sampai di sana malah lokasi sdh dtempati orang.. tp Puji Tuhan acara kami tetap berjalan lancar.. mohon perbaikan saja biar bs di jadikan pelajaran kedepannya .,2025-12-17
4,2 tahun lalu,"Asik sebetulnya tempatnya, andai ngitung nya per tenda bukan per orang,, pasti lebih asyik lagiğŸ¤£ â€¦",2025-12-17
5,2 tahun lalu,Asik suweeeruuuuuu,2025-12-17
5,2 tahun lalu,mantab bangett ....,2025-12-17
5,2 tahun lalu,Lokasinya keren bgt.,2025-12-17
5,2 tahun lalu,Tempat yang nyaman untuk liburan keluarga,2025-12-17
5,2 tahun lalu,"Pergi ke sana dua kali, pada tahun 2010 dan 2021. Tempat yang menyenangkan untuk dikunjungi bersama teman dan keluarga.",2025-12-17
5,2 tahun lalu,Asik untuk keluarga,2025-12-17
5,Diedit 2 tahun lalu,Ademm asriii paket komplit bgt si yang mau quality time bareng keluarga/temenÂ² apalagi kalo buat camp suasana malemnyaa masih hutan bgt,2025-12-17
1,2 tahun lalu,"Pengelolanya hanya mementingkan untung saja. Tidak memperhatikan kelestarian alam. Kemarin tanggal 4-5 Maret nginep disini pas barengan grop motor mengadakan acara. Ada sound sistem besar ditengah hutan. Dan itu kegiatan sampai jam 12 malam. Bisa di bayangkan yg biasa pake speaker kecil saja di tengah hutan suara nya bisa ke denger sampai jauh, apalagi ini pake sound sistem lengkap dengan dangdut koplo... Lengkap sudah penderitaan. Belum lagi ekosistem yg terganggu oleh suara dentuman sound segede gaban... Dan yg di sayangkan pas masuk juga di tak diberi tahu kalo ada acara kayak gitu. Saran saya kalo weekend cari tempat lain saja kl ngecamp...",2025-12-17
5,2 tahun lalu,"Tempat yang nyaman untuk camping, outbound, atau sekedar jalan-jalan",2025-12-17
5,2 tahun lalu,pernah berkemah di sini waktu masih sekolah,2025-12-17
5,2 tahun lalu,Tempatnya adem.. Airnya nya kalau nda banjir bersih.. Serasa kayak lagi healing.. Benar-benar alam bnget.. Saran kalau ke sini jangan musim hujan karna ada lintah.. Tapi benar-benar banget buat healing / campung bersama orang terkasig.. Ada beberapa wahana yg ditawarkan.. Bisa sewa jeepjeep dan menikmati tempat yg adem ayem ğŸ’–ğŸ¤— â€¦,2025-12-17
5,2 tahun lalu,Kawasan bersih. Ada warung. Air lancar. Sinyal HP aman. Akses minimarket dekat. Ada listrik. Ada masjid. Ada sewa sepeda listrik. Tiket camping 25k. Penak pokok e. MARAI TUMAN.,2025-12-17
5,2 tahun lalu,Tempatnya adem.. Airnya nya kalau nda banjir bersih.. Serasa kayak lagi healing.. Benar-benar alam bnget.. Saran kalau ke sini jangan musim hujan karna ada lintah.. Tapi benar-benar banget buat healing / campung bersama orang terkasig.. Ada beberapa wahana yg ditawarkan.. Bisa sewa jeepjeep dan menikmati tempat yg adem ayem ğŸ’–ğŸ¤—,2025-12-17
5,Diedit 2 tahun lalu,"Lokasi nyaman sejuk,buat keluarga,team work mantap",2025-12-17
5,2 tahun lalu,Wisata dan camping yang indah dan sejuk,2025-12-17
5,2 tahun lalu,"Wes, pokok e neg penasaran moro dewe ğŸ¤­. G nyesel camp bersama keluarga ning sekipan. â€¦",2025-12-17
4,2 tahun lalu,Udara dingin,2025-12-17
4,2 tahun lalu,Tidak buruk,2025-12-17
5,2 tahun lalu,Tempatnya sekarang udah bagus siiih..jalannya udh diperbaiki.. pagi2 bisa sewa sepeda listrik buat keliling camping ground dan sekitarnya..tp sayang toilet dan mushola msh kurang bersih..smg kedepan lebih layak lagi..,2025-12-17
5,2 tahun lalu,Uademmmm eee baris,2025-12-17
5,2 tahun lalu,Oke,2025-12-17
2,2 tahun lalu,Lumayan,2025-12-17
5,2 tahun lalu,Membantu berelaxsasi dan menjernihkan pikiran,2025-12-17
1,Diedit 2 tahun lalu,Sekarang hampir tiap weekend sound system memecah keheningan alam. Males banget! Fungsi fundamental sudah berganti kapitalis!,2025-12-17
1,2 tahun lalu,Didalam area camping ground boleh menyalakan kembang api dan petasan. Emang paling mantap. ğŸ‘ğŸ‘ğŸ‘ â€¦,2025-12-17
5,2 tahun lalu,"Rekomendasi tempat wisata di Tawangmangu Karanganyar!  Dahulu, pada masa penjajahan Belanda kawasan Bukit Sekipan terkenal sebagai tempat latihan militer oleh tentara Belanda.  Setelah Indonesia merdeka, bukit ini hanya dibiarkan saja sehingga dipenuhi semak belukar, seperti tempat terbengkalai.  Pada tahun 2015, kawasan ini mulai dibangun dan didirikan tempat wisata yang kita kenal sekarang, Bukit Sekipan.  Dengan adanya fasilitas yang memadai dan daya tarik tersendiri, membuat para wisatawan lokal Karanganyar maupun daerah lain mulai mengunjungi Bukit Sekipan Tawangmangu.  Selamat menyesuaikan ğŸ™ğŸ˜‡",2025-12-17
5,2 tahun lalu,Mantap lokasi dan suasananya buat kemah dgn keluarga,2025-12-17
5,2 tahun lalu,ğŸ‘ â€¦,2025-12-17
4,2 tahun lalu,Mantab suasananya.. Cuma kurang sedikit tertata dan kurang tempat sampah.. Overall masih top banget,2025-12-17
5,2 tahun lalu,"Sejuk, htm e 20 rb an... lingkupny jg penginapan murah (non weekend n hr besar), menawarkn glamping maupun tenda... sewa sepeda listrik, trail, naik kuda",2025-12-17
5,2 tahun lalu,Cocok buat mengenalkan anak pada alam,2025-12-17
4,3 tahun lalu,"Tempat yg keren, nyaman dengan suasana pegunungan yg tentunya dingin. Spot panen stroberi ğŸ“ buat anak2ku sangat menyenangkan..  buat ibu2 swa panen sayuran juga menyenangkan. Utk bapak bapak, cukup mendampingi sambil minum kopi robusta yg disediakan banyak warung di lokasi yg kita tempati utk nginap.  Liburan yg mengasyikkan dan mengesankan buat keluarga",2025-12-17
5,3 tahun lalu,"Keren,subhanallah pemandangan luar biasa",2025-12-17
5,3 tahun lalu,Menyenangkan,2025-12-17
5,3 tahun lalu,"Tempat wisata yg sangat alami. Sangat sejuk dan cukup nyaman. Fasilitas yg cukup lengkap, tapi kadang saat hari kerja banyak warung yg tutup. Sangat luas dan mayoritas toilet berfungsi. Tiket masuk yg cukup mahal.",2025-12-17
5,3 tahun lalu,Pernah kesini karena event Siksorogo Lawu Ultra 2022..ramai pengunjung.. Banyak tempat wisata lainya.. Sungai dan Camping Ground â€¦,2025-12-17
5,3 tahun lalu,Tempat ini dingin.,2025-12-17
4,3 tahun lalu,Sejuk dan nyaman,2025-12-17
5,3 tahun lalu,Tempat yg keren,2025-12-17
5,3 tahun lalu,"Luas ,bersih,nyaman dan damai",2025-12-17
4,3 tahun lalu,"Sejuk, banyak pepohonan yg rindang, sayang banyak spot2 yg tidak terurus dan mangkrak",2025-12-17
5,3 tahun lalu,Pernah kesini karena event Siksorogo Lawu Ultra 2022..ramai pengunjung.. Banyak tempat wisata lainya.. Sungai dan Camping Ground  Semoga tahun depan bisa ikutan lagi.. Amiinn #CapekItuApa,2025-12-17
5,3 tahun lalu,Enak buat refreshing..,2025-12-17
5,3 tahun lalu,tempat e indah..keseni baru sekali sih..itu aj rame2 ...bsk pngen kesana lg,2025-12-17
5,3 tahun lalu,"Bagus, lingkungan bersih dan tertata dengan baik......",2025-12-17
5,3 tahun lalu,Sangat cocok untuk acara kemah keluarga,2025-12-17
4,3 tahun lalu,"Camping ground di daerah Tawang Mangu. Disana tersedia persewaan tikar, tenda dan sepeda listrik. Terdapat juga toilet dibeberapa titik dan warung makan.",2025-12-17
4,3 tahun lalu,Tempat yg indah meskipun tidak seindah yg dulu disertai pertumbuhan beberapa cottage disana & wisata kebun strawberry beri yg menggugau selera juga tak lupa mencoba menantangnya andrenalin dgn mencoba berkuda selamat mencoba,2025-12-17
5,3 tahun lalu,Lumayan,2025-12-17
5,3 tahun lalu,"Tempatnya bersiiiiiiiih, ke sini bukan karena mau nge-camp Ikut offroad fasilitas dari tempat kami menginap, start poin lupa dari mana sampai ke bumper bukit sekipan Istirahat sebentar sambil menikmati alam  Fasilitas camping lengkap, ada toilet, ada warung camilan, tapi gak ada sinyal",2025-12-17
4,3 tahun lalu,Dikelilingi hutan pinus jadi udaranya segar. Banyaknspot foto yang bagus,2025-12-17
4,3 tahun lalu,"Tempatnya asyik bt camper van. Sejuk bgt, ada akses listrik, cuma bawa roll kabelnya yg panjang ya. Banyak yg camping kalau week end. Biaya sangat murah dibanding lokasi camping ground lain. cuma kamar mandinya kurang terawat. Akses air di beberapa titik saja",2025-12-17
5,3 tahun lalu,Seger sejuk asri,2025-12-17
5,3 tahun lalu,Tempat bersih,2025-12-17
5,3 tahun lalu,Bagus...penataan taman bermain masih perlu perawatan.,2025-12-17
5,3 tahun lalu,Asri keren menawarkan paket outbond yang seru,2025-12-17
5,3 tahun lalu,Bumi perkemahan ğŸŒ²ğŸŒ²ğŸŒ²yang benar benar berubah seiring waktu.dulu cuman hutan belantara... Tanpa suara musik tanpa hiruk pikuk kendaraan lalu lalang.banyak yang berubah..sekarang ada penyewaan tenda dan rumah pohon.tenda sendiri disewakan dengan nominal 60 ribu rupiah..rumah pohon week day 250 ribu seddangkan week end 350 rribu rupiah.. harga yang lumayan menurut saya..gak heran kalo banyak campingers nyari tempat lain yg agak murah.,2025-12-17
5,3 tahun lalu,Tempat Camping favorit Keluarga,2025-12-17
4,3 tahun lalu,Tmpatnya bgus... Syang penerangnnya krang bnyakğŸ˜ â€¦,2025-12-17
5,3 tahun lalu,Merekomendasikan,2025-12-17
5,3 tahun lalu,bgs tmptnya menyenjukkan,2025-12-17
5,3 tahun lalu,Tempat nya sejuk dan nyaman,2025-12-17
5,3 tahun lalu,Recomended view nya ajibbb,2025-12-17
4,3 tahun lalu,Berkemah itu nyaman... Dingin...Dingin...Suka banget..,2025-12-17
5,3 tahun lalu,Sudah banyak perubahan yg baik dengan fasilitas yg memadahi dan menarik pengunjung untuk kembali,2025-12-17
4,3 tahun lalu,"Tempatnya di hutan pinus, jelas adem tapi masih bisa ditoleransi. Tempatnya luas, ada bumi perkemahan, glamping, rumah indian, rumah pohon. Untuk tenda dll bisa nyewa, sarapan dan makan juga bisa pesen di rumah makan depan. Suasananya kalau malam minggu rame banget. Banyak rombongan yang mengadakan acara dengan menggunakan sound sistem, ada yang karokean juga jadi susah tidur karena sampe malam belum berhenti ğŸ¥² suasana pagi hari enak dengan pemandangan hutan pinus. Oh ya bisa outbound jg di sini, penyewaan kuda jg ada. Masuknya 25rb.",2025-12-17
5,3 tahun lalu,Menyenangkan bersih dan amann,2025-12-17
4,3 tahun lalu,"Sy cukup senang dgn keberadaan bumi perkemahan sekipan, lokasinya strategis dengan banyaknya pohon Pinus di lokasi bikin teduh dan nyaman berlama"" disini sayangnya toilet umum nya kurang banyak dan kurang terpelihara",2025-12-17
5,3 tahun lalu,"Tempatnya nyaman,bersih, pas bgt buat acara keluarga. Harga tiket terjangkau, mudah mendapatkan semua kebutuhan. Tidak perlu khawatir untuk wisatawan yang tidak membawa peralatan camping, semua tersedia dan dapat disewa ditempat.",2025-12-17
5,3 tahun lalu,Buat camping kelyarga cocok,2025-12-17
4,3 tahun lalu,Tempat nya nyaman..sejuk..enak buat bersantai klo pas weekend,2025-12-17
5,3 tahun lalu,Tempat nya Cocok Buat Segala Kalangan Dn Enak Sekali Buat Camping Tidak Panas karena Di kelilingi Perbukitan,2025-12-17
5,3 tahun lalu,Mantap,2025-12-17
5,3 tahun lalu,banyak portal berbayar...padahal kemarin cuma bayar di pos utama..skrang kok bayar 2 kali...pengeloalana berbasis bisnis..,2025-12-17
5,3 tahun lalu,"Cocok untuk berkemah dengan keluarga bersama anak anak, atau pilihan sebagai lokasi outbound lembaga atau institusi anda",2025-12-17
5,3 tahun lalu,"Lokasi campervan yang enak, tenang dan suasanya hutannya asli banget. Yang jaga juga ramah, Toiletnya bagus dan bersih, Biayanya juga masih murah. Jangan lupa mampir di channel 'Avia Family"" buat melihat keseruan kita",2025-12-17
3,3 tahun lalu,Cocok untuk merefresh otak,2025-12-17
3,3 tahun lalu,"Tempatnya di daerah sekitaran eilayah Tawangmangu yang asri, adem,.Cocok untuk camping bersama keluaraga.  Fasilitas lumayan komplit.. Tp untuk WC umumnya perlu diperbaikin agar menjaga kenyaman pengunjung...",2025-12-17
5,3 tahun lalu,"Tempatnya masih cukup asri, cocok buat liburan bareng keluarga",2025-12-17
5,3 tahun lalu,"Nyaman, sejuk, dingin, hanya mgkn toilet bisa diperbaiki",2025-12-17
5,Diedit 3 tahun lalu,keren keren,2025-12-17
5,3 tahun lalu,Tempat luas dgn HTM murah ğŸ‘ kamar mandi umumnya biasa aja kurang diperhatikan.Terlalu sederhana sekali. â€¦,2025-12-17
5,3 tahun lalu,Tempatnya nyaman dan pelayanan nya baik,2025-12-17
4,3 tahun lalu,"Alami,huadeemm tapi nyaman",2025-12-17
4,3 tahun lalu,Nyaman buat camping,2025-12-17
5,3 tahun lalu,tempat fav gua niğŸ˜˜ â€¦,2025-12-17
4,3 tahun lalu,"Kalau pass sepi/sedang sangat cocok buat camp fun.tenang sepi sunyi bs menyatu sm alam. Tp klo weekend dan ada acara anak motor/mobil, mending rebahan dirumah.",2025-12-17
4,3 tahun lalu,"Sejuk, bisa camping keluarga, parkir luas, ada sewa sepeda listrik",2025-12-17
5,3 tahun lalu,Tempatnya bagus rekomendasi buat healing yang banyak masalah dingin vibe,2025-12-17
5,3 tahun lalu,Cocok buat healing tipis-tipis dan penghilang penat...,2025-12-17
4,3 tahun lalu,Udara sejuk..pemandangan bagus..bersih..recomended buat yg rekreasi dialam.,2025-12-17
5,3 tahun lalu,Tempat camping yg sangat bagus di Tawangmangu,2025-12-17
5,3 tahun lalu,jika anda suka berkemah anda akan menyukainya di sini,2025-12-17
5,3 tahun lalu,"Tempat bermain dan kemah yang asri, bagus, dan cocok untuk keluarga di daerah Tawangmangu.",2025-12-17
5,3 tahun lalu,"Tempatnya bersih, petugasnya juga ramah",2025-12-17
5,3 tahun lalu,Bagus,2025-12-17
5,3 tahun lalu,"Tempatnya luas, mobil bisa bersebelahan sm tenda.. kamar mandi bersih hanya agak gelap kalau malam..",2025-12-17
5,Diedit 3 tahun lalu,Tempat yg asyek buat pelatihan peningkatan SDM,2025-12-17
5,3 tahun lalu,Fasilitas sudah lengkap dan bersih.,2025-12-17
4,3 tahun lalu,Sejuk.. Hutan pinus nya bikin adem..,2025-12-17
3,3 tahun lalu,"Lumayan,parkiran bingung taruh dimana pdhl parkiran luasğŸ¤£ğŸ¤£ğŸ¤£tempat camp luas dan dingin.tiket masuk 20k tapi cm jalan2 itupun blm semua dijelajahiğŸ¤­ğŸ¤­ğŸ¤­ â€¦",2025-12-17
5,3 tahun lalu,"asik buat camping keluarga, sarana mck memadai, bersih, udara segar bisa jd alternatif liburan murah masuk 20rb/org kalo camping 25rb/org sewa tenda 100rb/org... wahana permainan/ outbound jg ada, warung2 komplit...",2025-12-17
4,3 tahun lalu,"Seru saja kalo camping bareng keluarga dilokasi ini. Semua dimudahkan (serasa bukan camping - cuma pindah tidur beratap tenda). Bosan makanan ala camp - bisa beli dekat lokasi. Bekal ketinggalan  ? Warung kelontong ada disekitar perkampungan ( coba ditempat lain,  bisa puasa bro wkwkkwk).  Sudah begitu, lokasi luas -tinggal pilih mo mendirikan tenda dimana  ..",2025-12-17
1,3 tahun lalu,Sangat menyajukkan,2025-12-17
5,3 tahun lalu,Bikin konten asikkkkkkkk,2025-12-17
5,3 tahun lalu,Tempat yang nyaman untuk liburan dan cocok untuk mengenal alam dengan ngecamp bersama keluarga,2025-12-17
5,3 tahun lalu,Ajiib dingin banget. Sejuukk,2025-12-17
5,3 tahun lalu,Cocok buat healing keluarga,2025-12-17
5,3 tahun lalu,Tempat nya terawat dan bersih,2025-12-17
5,3 tahun lalu,"Ini adalah tempat yang bagus untuk berkemah keluarga atau sekedar melihat-lihat, menikmati udara segar. Mereka memberikan 2 pilihan harga untuk itu. Arealnya begitu luas, terletak di dalam hutan Desa Kalisoro. Kita juga bisa menyewa ATV disana untuk berkeliling di lokasi camping.",2025-12-17
5,3 tahun lalu,"Ngecamp 4 malam di bumi perkemahan  Sekipan, awalnya takut sendirian di hutan... Tapi malam kedua udah nyaman aja...",2025-12-17
5,3 tahun lalu,Seruu bgt,2025-12-17
5,3 tahun lalu,"Tempat berkemah yang bagus untuk berkemah bersama keluarga Anda, selain berkemah di sana juga ada ATV, flying fox, dan hal-hal lain yang bisa Anda coba. Harap ingat untuk membawa pakaian tebal dan selimut karena cuaca di sana sangat dingin terutama di malam hari dan pagi hari. Toiletnya kurang bersih, beberapa kotor. Dan airnya sangat dingin, jika Anda tidak tahan air dingin, ada perkemahan VIP dengan air panas dan dingin yang mengalir di dalamnya.",2025-12-17
5,3 tahun lalu,Tempat ternyaman bagi anda yang lelah rutinitas dan mencari tempat untuk merefresh kepala... Untuk AcaraÂ² tempat Sangat Luas.,2025-12-17
5,3 tahun lalu,"Tempatnya sejuk, pemandangan indah baik untuk liburan keluarga",2025-12-17
5,3 tahun lalu,Tempatnya nyaman buat kemah seru bareng teman maupun keluarga. Air bersih selalu ada dan pemandangannya asri. Kalau pagi jam 9 ada tukang bakso lewat buat mencari sarapan,2025-12-17
5,3 tahun lalu,Melepas penat diakhir pekan disinilah tempat yang sangat tepat.tempatnya yg luas dengan rimbun pinus dan sejuk khas pegunungan . Ada kali kecil dengan air yg jernih bisa buat keceh..ngangenin deh.ngecamp disini..,2025-12-17
5,3 tahun lalu,"Sejuk, sejuk, udaranya sejuk. Seberapa sering pun Anda bermain di sini, dijamin Anda akan ingin segera pulang.",2025-12-17
4,3 tahun lalu,"Area yang sejuk dan dinaungi pohon-pohon pinus yang rimbun. Saya mengunjungi tempat ini dengan menumpang jeep wisata pada akhir pekan pertengahan bulan Maret 2022. Usai terguncang-guncang di atas jeep saat bermanuver di jalanan offroad, kami beristirahat di tempat. Terdapat sebuah warung di sisi utara area ini. Kami menikmati makanan dan minuman tradisional. Benar-benar syahdu. Bagi yang ingin menginap saat berkunjung, villa dan homestay sangat banyak di sekitar area ini.",2025-12-17
5,3 tahun lalu,"Tempat ngecamp,ada juga cotageÂ²,suasana alam pegunungan..",2025-12-17
5,3 tahun lalu,Tempat bersih dan ademm,2025-12-17
5,Diedit 3 tahun lalu,"Tempatnya bagus, di lembah, tidak ada angin, air tercukupi. Tiket masuk tiap orang 20k. Pengunjung bisa sewa tenda untuk nginap atau tanpa menginap. â€¦",2025-12-17
5,3 tahun lalu,Lokasinya sangat bagus Pemandangannya juga bagus kalau tidak hujan ataupun mendung Cocok untuk liburan keluarga bersama diakhir pekan Udaranya masih dingin Akhir pekan perjalanan ke arah Tawangmangu macet sudah ramai Tetap hati hati Parkir kendaraan juga luas akses Jalan menuju kelokasi juga sudah bagus dan lebar Tiket masuk 20.000 Tempat bersih dan terawat Sudah ada listrik,2025-12-17
5,Diedit 3 tahun lalu,"Tempatnya bagus, di lembah, tidak ada angin, air tercukupi. Tiket masuk tiap orang 20k. Pengunjung bisa sewa tenda untuk nginap atau tanpa menginap. Sudah banyak warung warung makan dengan menyediakan makanan berat maupun ringan. Ada beberapa spot foto bagus untuk Selfi.",2025-12-17
4,3 tahun lalu,"Tiket masuk 20rb/orang di atas 10tahun Free parkir Free toilet Harga jajan & makan normal (tempat wisata, ketegori tidak terlalu mahal) Tarif wahana & persewaan variatif  Rekomended untuk keluarga & acara outbound outdoor",2025-12-17
4,3 tahun lalu,tempat yg nyaman jauh dri kebisingan,2025-12-17
1,3 tahun lalu,Mengecewakan! Untuk masuk saja sekarang ditarik tiket 20rb,2025-12-17
5,3 tahun lalu,"Kalau hari lubur ramai, mau cari penginapan di lokasi penuh semua",2025-12-17
5,3 tahun lalu,"Tempat e bener bener bikin hati tenang...dan tempat e bener bener terawat,dan terjaga...cuma 1 yg sangat di sayang kan...biaya masuk nya mahal,dan dalam segi penyewaan permainan jg terlalu mahal...coba kalau tarif nya tidak mahal...pasti akan menjadi nilai tambah,dan tambah ramai...",2025-12-17
5,3 tahun lalu,"Tempatnya bagus, sejuk, bagus buat camping keluarga",2025-12-17
5,3 tahun lalu,Keren secara alami,2025-12-17
5,3 tahun lalu,"Tempatnya Nyaman , bersih , Paling enak kesana pas weekend kalau mau Camping .",2025-12-17
5,3 tahun lalu,"Sarana camp sudah tertata rapi, bersih",2025-12-17
5,3 tahun lalu,"Udaranya sejuk sekali, harga tiket masuknya kadang naik kadang turun, kan bingung, harusnya parkir gk usah bayar lagi sudah include tiket, tapi masih bayar lagi. namun pemandangan yang disuguhkan menakjubkan, sukaaaaaaa... toiletnya mungkin bisa diperbanyak",2025-12-17
5,3 tahun lalu,"Tempatnya luas banget jd kalo rame jg ga masalah karna akan selalu ada space buat kita jalan2 sama keluarga. Paling seneng kesini ngajak anjing2ku karna mereka bisa bermain sampe puas dg aman. Akses jalannya meskipun kecil tp bisa simpangan mobil, tempatnya terawat, toiletnya jg sudah keramik jd kesannya cukup bersih tp airnya entah knapa ngga jernih.. tiket jg murah 20rb perorang sudah termasuk parkir mobil. Bisa seharian full gelar tikar piknik sederhana disini.",2025-12-17
3,3 tahun lalu,parkiran mobilnya kurang asyik,2025-12-17
4,3 tahun lalu,Masih alami walaupun agak kurang terawat,2025-12-17
5,3 tahun lalu,Kalau malam minggu ramai sekali. Tempatnya nyaman. Terasa suasana alam. Sangat disayangkan bagi para pengunjung yang membawa speaker karena sangat mengganggu,2025-12-17
5,3 tahun lalu,Anggota DTC BLA 2613 #Gathnas_2022,2025-12-17
5,3 tahun lalu,"Tiketnya 20 ribu per kepala. Areanya luas banget. Sejuk. Air di kalinya dingin. Cocok buat tempat healing, buat kumpul2 keluarga juga oke banget...",2025-12-17
4,3 tahun lalu,tempat camping keluarga disekitar tawangmangu yang menyejukkan karena banyak pohon-pohon lindung dan fasilitasnya pun bersih dan terawat,2025-12-17
5,3 tahun lalu,"sejuk, hanya kurang toilet",2025-12-17
3,3 tahun lalu,Sinyal hp sulit,2025-12-17
5,3 tahun lalu,Asik buat jalanÂ² berpetualang bersama anakÂ²,2025-12-17
5,3 tahun lalu,"Masuk 20rb/ orang, kmrn sewa kavling tenda 25rb, Tempat nyaman buat camping keluarga.. pengenalan alam...",2025-12-17
1,3 tahun lalu,Tempat nyaman asri,2025-12-17
5,3 tahun lalu,"Tempatnya rindang, cocok untuk nge-camp baik dg teman atau keluarga. Udaranya jelas masih segerrrrr",2025-12-17
5,4 tahun lalu,Cocok buat komunitas dan keluarga,2025-12-17
5,4 tahun lalu,"Tgl 11 des 2021 berkunjung kesini, naik jeep ke hutan camp sekipan dan dpt harga 300k/jeep, sewa 2 jeep krn bareng keluarga, seru banget naik jeepnya, rutenya pendek sih tp menantang banget, pernah naik jeep di bromo & merapi, di 2 tmpt trsebut lebih ke view keren, ini kl disini lebih ke semi2 offroad dengan rute yg aman, next akan berkunjung lagi ke sini dengan membawa masa utk camping ground, pengen camping iya dipinggir kali tu",2025-12-17
4,4 tahun lalu,Recommended buat piknik bareng keluarga,2025-12-17
5,4 tahun lalu,Nyaman,2025-12-17
4,4 tahun lalu,"View cukup bagus, sayangnya pengunjung yg cuma lewat aja tetap dikenai retribusi",2025-12-17
5,4 tahun lalu,Luas bet buata acara outbond cocok banget,2025-12-17
5,4 tahun lalu,Tempatnya rindang Krn termasuk kawasan perhutani. Banyak spot fotonya jg. Banyak warung. Cocok buat liburan keluarga. Bisa untuk ngecamp juga.,2025-12-17
1,4 tahun lalu,Pengelola hanya mementingkan untung. Wahana public seperti ini harusnya peraturan dibuat untuk kepentingan bersama pengunjung. â€¦,2025-12-17
1,4 tahun lalu,Pengelola hanya mementingkan untung. Wahana public seperti ini harusnya peraturan dibuat untuk kepentingan bersama pengunjung. Ada rombongan orang bawa sound sistem ketempat yang notabene adalah healing dari segala macam rutinitas dan kebisingan kota kok yo diperbolehkan membunyikan suara yang menyebabkan polusi suara yang menyebabkan pengunjung lain selain dari rombongan tersebut terganggu.  Polusi suara ditempat seperti ini harusnya menjadi perhatian bagi pihak pengelola.  Dulu sekipan tenang damai dan nyaman untuk lari dari kebisingan kota. Sekarang mau dikota mau di alam sama aja isinya orang egois yang mementingkan dirindan kelompoknya,2025-12-17
5,4 tahun lalu,"Ada cerita masa muda disini. Banyak kenangan kemah bareng staff, mentor dan temanÂ² ğŸ˜˜ â€¦",2025-12-17
5,4 tahun lalu,"Keren banget nih tempatnya, vibenya natural banget rekomen banget buat ngecamp sama keluarga, bestie, atau buat eventÂ² yang konsepnya alam. Mantap lahh buper sekipan",2025-12-17
4,4 tahun lalu,Cocok buat camping & outbond,2025-12-17
5,4 tahun lalu,"Tempat untuk ""melarikan diri"" dari kepenatan rutinitas",2025-12-17
5,4 tahun lalu,Banyak wahana tempatnya asyik cocok utk liburan kluarga.. Sejuk hawanya,2025-12-17
4,4 tahun lalu,Udara sejuk..cederung dingin...villa yg ditawarkan nyaman..enak...fasilitas komplit untuk keluarga besar dan kecil..,2025-12-17
5,4 tahun lalu,"Patut dicoba, suasananya asik",2025-12-17
5,4 tahun lalu,"Tempat sejuk, enak buat nongkrong",2025-12-17
5,4 tahun lalu,"Jalan menuju sekipan sudah di cor, dan banyak pengunjung saat weekend",2025-12-17
4,4 tahun lalu,Tempat asik buat piknik. Tiket masuk terjangkau. Fasilitas cukup.,2025-12-17
5,4 tahun lalu,Tempat yang baik buat acara keluarga,2025-12-17
5,4 tahun lalu,Wajib buat yang suka kegiatan alam,2025-12-17
4,4 tahun lalu,"Berkali kali ke tempat ini, tetep asyik...",2025-12-17
5,4 tahun lalu,"Camping samping mobil,  jalan2 ke hutan",2025-12-17
5,4 tahun lalu,Nyaman buat keluarga,2025-12-17
4,4 tahun lalu,Aman dan nyamam dinginnya kurang gigit.,2025-12-17
5,4 tahun lalu,"Mantul banget ini lokasinya, masih terjaga banget asri nya saking asrinya masih bisa ngerasain kena pacet pas mandi, ada outbond juga yang di tawarkan, penataan tanamannya cantik-cantik banget, lokasinya mudah di jangkau area parkir juga luas banget fasilitasnya lumayan lengkap, Mantap pokoknya",2025-12-17
5,4 tahun lalu,Semakin semarak,2025-12-17
5,4 tahun lalu,"Bumi perkemahan paling rendah menurutku. Tp juga udh dingin kok. Ada camping VIP juga. Recommended buat acara camping keluarga. Ada kamar mandi, persewaan alat camping. Bisa juga untuk sekedar jalan2 maupun foto2. Nyenengkeh",2025-12-17
5,4 tahun lalu,Daerahny dingin dan pemandangan yg sangat bagus di pagi hari,2025-12-17
5,4 tahun lalu,Sepertinya asyik Gak camping cuman jalan jalan pagi,2025-12-17
5,4 tahun lalu,Saya nyaman disini,2025-12-17
5,4 tahun lalu,"Tempat berkemah yang bagus, cukup bersih. Sayang belum ada WiFi",2025-12-17
4,4 tahun lalu,"Ada 2 tarif tiket masuk, untuk yg biasa dan yg bermalam disini... harga tiket standar, hitungannya perorang. tempat luas klo mau diriin tenda bisa dimana aja, kamar mandi masih agak kurang, ada bbrp warung klo misal mau makan di dlm, pemandangan oke bisa buat foto2 jg. ada persewaan atv, motor trail, dan motor matic yg tarifnya terjangkau... cocok kalo mau berlibur kesini bareng teman/keluarga.",2025-12-17
5,4 tahun lalu,"Adem, banyak yg nginep malam minggu keren",2025-12-17
5,4 tahun lalu,"Tempatnya nyaman, pelayanan baik, toilet bersih, harga tiket masuk terjangkau,",2025-12-17
5,4 tahun lalu,Tempatnya asri dan banyak fasilitasnya,2025-12-17
2,4 tahun lalu,Suasana bagus. HTM 20rb per orang.,2025-12-17
4,4 tahun lalu,"akhir pekan ramai sekali, kadang sampai ada yang bawa sound system untuk acara, kalau mau kemah dengan suasana tenang jangan akhir pekan, kalau bisanya akhir pekan ya mau nda mau, sebagai catatan fasilitas toiletnya kurang memadai dan kurang jumlahnya kalau pas akhir pekan banyak antrian",2025-12-17
5,4 tahun lalu,Recommended banget buat ngisi outbound dan akhir pekan bersama keluarga,2025-12-17
5,4 tahun lalu,"dulu sering ngecamp di sini. waktu masih sekolah... masih asri, tapi sekarang  disepanjang jalan menuju buper sudah dibangun tempat2 wisata, resto, villa. bahkan didalam buper pun dibangun tenda2 permanen",2025-12-17
5,4 tahun lalu,tempat yang bagus untuk perkemahan keluarga,2025-12-17
4,4 tahun lalu,Bagus tempatnya asri bisa camp dan acara santai lainnya,2025-12-17
5,4 tahun lalu,"Menikmati,,",2025-12-17
1,4 tahun lalu,"Sabtu, 11 Sept 2021. Camping keluarga kali ini hancur karena ada rombongan yg membawa genset dan menyetel lagu semalaman. Serasa ada di kapal ferry penyebrangan. Luar biasa polusi suaranya. Saya dan keluarga sulit beristirahat malam.  Yang harusnya jadi saat healing dengan ketenangan alam, suara alam, suara burung, suara tonggeret, habis semua dengan suara genset.  Semoga kedepannya 1. para wisatawan camping bisa sadar dan jelas keinginan mereka disini untuk menikmati alam, menjauhi dari rutin di rumah atau pekerjaan, bukan malah gaduh dan membawa sifat â€œnorakâ€ nya ke alam. 2. Pengelola tempat mencantumkan dan mengatur peraturan tentang kebisingan. Di kontrol sebisa mungkin aktifitas di area, demi menjaga ketenangan dan ketertiban bersama.  Terimakasih Deka",2025-12-17
5,4 tahun lalu,ğŸ‘ â€¦,2025-12-17
4,4 tahun lalu,Tempat camping keluarga,2025-12-17
5,4 tahun lalu,Keren....,2025-12-17
4,4 tahun lalu,Bagi yg demen nuansa alam pegunungan yg dingin asri silakan datang dan menginap,2025-12-17
3,4 tahun lalu,"Saya masuk sabtu siang, Tiket seharga 20rb, dimintai 25rb per orang ğŸ˜ Toilet jorok, pintunya rusak semua, bahkan ada yang bolong gede. Emang mau pas lagi buangÂ² diintipin orang? ğŸ˜ Camping ground disulap lebih modern, lebih tertata, bagus. Toilet dan mushola seperti tidak terurus. Overall lumayan lah. semoga segera ada perbaikan dg fasilitas penunjangnya. ğŸ‘ğŸ¤²ğŸ™",2025-12-17
5,4 tahun lalu,"bagus, bersih, tapi masuk.ny lumayan mahal",2025-12-17
4,4 tahun lalu,"Tempat nya masih alam bgt, cocok untuk ngecamp, but kamar mandi kurang bagus,",2025-12-17
5,4 tahun lalu,Dinginnn,2025-12-17
5,4 tahun lalu,Howone Seger,2025-12-17
5,4 tahun lalu,"Bagus banget, setiap bulan agenda anak2 ke sana",2025-12-17
5,4 tahun lalu,Direkomendasikan....,2025-12-17
5,4 tahun lalu,Tempat favorit teman sekolah,2025-12-17
5,4 tahun lalu,"Tempat yang sangat indah dan pepohonan hutan yang masih asri, terjaga dan tertata dengan apik. Bila dibanding tempat lain,tempat ini yang sangat bagus untuk ekowisata,traveling,camping ground,tracking dan segala yang yang dibutuhkan unt menikmati alam yang sebenarnya. Dilokasi ini tidak seperti tempat lain, benar-benar dikhusus bagi pecinta alam sejati. Semoga tempat ini semakin dikenal dengan tempat yang minus bangunan semen dan hiruk pikuk keramaian pedagang yang mendirikan bangunan untuk dagangannya.",2025-12-17
5,4 tahun lalu,Enak bgt buat kemping,2025-12-17
4,4 tahun lalu,"Bagus buat rekreasi bareng keluarga, apalagi kalo ngecampnya di weekdays, sekipan berasa milik sendiri karena bener"" sepi ga serame weekend, overall bagus, kamar mandi bersih, mushola juga bersih. Saran aja buat pengelola, toilet yg deket â€¦",2025-12-17
5,4 tahun lalu,"Tempatnya luas, dingin, asri banyak pepohonan.. Cocok banget buat bersantai, buat berkemah juga bisa, outbond juga bisa, buat sekedar jalan"" juga bisa.",2025-12-17
4,4 tahun lalu,"Bagus buat rekreasi bareng keluarga, apalagi kalo ngecampnya di weekdays, sekipan berasa milik sendiri karena bener"" sepi ga serame weekend, overall bagus, kamar mandi bersih, mushola juga bersih. Saran aja buat pengelola, toilet yg deket warung (yg ada 3 toilet dan ada kotak uang Rp.2000) tolong dipasang kunci dari dalem biar ga was"" kalo lg pake toilet dan toilet yg tengah diperbaiki biar bisa dipake sama pengunjung",2025-12-17
5,4 tahun lalu,Rekomendasi Camp Ground buat keluarga...,2025-12-17
5,4 tahun lalu,Menyenangkan...,2025-12-17
3,4 tahun lalu,Arena camping sejak saya sekolah,2025-12-17
3,4 tahun lalu,Waktu masuk tiketnya 20rb/orng klo mau kemah 25rb... Spot2 foto msh kurang rapi.,2025-12-17
5,4 tahun lalu,"Area perkemahan tapi jg bisa untuk wisata hunting foto Keren pokoknya,",2025-12-17
5,4 tahun lalu,Bagus,2025-12-17
4,4 tahun lalu,Hawane dingin... Hutan e bikin betah berlama-lama di sini,2025-12-17
4,4 tahun lalu,Tempat nya bagus. Fasilitasnya aja dtingkatkan lagi.,2025-12-17
5,4 tahun lalu,Ssippp,2025-12-17
5,4 tahun lalu,Ini adalah tempat yang disebut perkemahan Sekipan. Anda dapat melakukan kegiatan berkemah di sini. Udara segar. â€¦,2025-12-17
5,4 tahun lalu,"Luar biasa .. wahana utk mengenalkan alam utk keluarga, tempat bersih, walau SDH disentuh penataan tapi keaslian taste hutannya tetap terjaga",2025-12-17
4,4 tahun lalu,"Mantap,,,,asik tempatnya. Bisa nge camp bebas. Bisa untuk acara keluarga,acara2 untuk komunitas. Ada area outbound juga gaes. Toilet bayar. Biaya masuk 30-50ribu kalau tidak salah. ğŸ˜€ huuuadem. Segerrrrr. Bersih. â€¦",2025-12-17
4,Diedit 4 tahun lalu,Tempat yang cocok kalau kalian ingin melepas penat dari hiruk pikuk perkotaan dan pekerjaan. Bertempat di ketinggian sehingga suhunya dingin. Salah satu rekomendasi tempat wisata keluarga buat yang ingin pergi bersama keluarga.,2025-12-17
5,4 tahun lalu,"Ini adalah tempat yang disebut perkemahan Sekipan. Anda dapat melakukan kegiatan berkemah di sini. Udara segar. Pemandangan hijau. Waktu bersantai. Jika Anda ingin menginap di sini, tersedia 3 jenis perkemahan. Terletak di Tawangmangu, Jawa Tengah.",2025-12-17
5,4 tahun lalu,Keren,2025-12-17
5,4 tahun lalu,Asyik buat camp sm kelg,2025-12-17
4,4 tahun lalu,Sejuk dingin mengesankan,2025-12-17
5,Diedit 4 tahun lalu,Dingin.  Pol,2025-12-17
5,4 tahun lalu,Karyawan nya super ramah dan tempat bersih. Tapi hati2 dgn lebahnya ya,2025-12-17
5,4 tahun lalu,Hijau mantap,2025-12-17
4,4 tahun lalu,Sangat asyik buat kemping bareng keluarga,2025-12-17
2,4 tahun lalu,Sejuk,2025-12-17
5,4 tahun lalu,Tempat yang dingin,2025-12-17
5,4 tahun lalu,"Tempat bagus. Bersih.  Sejuk. Nyaman.  Cocok buat kemah, menginap.",2025-12-17
4,4 tahun lalu,"Tempatnya asri dan camp ground kl hujan tdk becek, saran agar toilet ada kran utk wudhu tks.",2025-12-17
3,4 tahun lalu,"Tidak banyak tempat untuk berfoto, tempat ini bisa menjadi lokasi yang bagus untuk berkemah tetapi kurangnya area makan dan areanya tidak terlalu luas, menurut saya, harganya terlalu mahal.",2025-12-17
1,4 tahun lalu,Mahal dan sudah ga asri,2025-12-17
5,4 tahun lalu,Segar suasana disana... Ngecamp lebih enak,2025-12-17
5,4 tahun lalu,"Cocok buat camping, enakan Klo dateng nya sore",2025-12-17
5,4 tahun lalu,"Tempat pertama kali camping,dulu belum banyak warung dan wahana liburan seperti sekarang,cuman gelap kanan kiri,.,.,.sekarang sudah lebih modern banyak resto dan wahana",2025-12-17
5,4 tahun lalu,Bumi Perkemahan yang Bagus,2025-12-17
5,4 tahun lalu,"Nyaman,asik,bersih",2025-12-17
1,4 tahun lalu,"Menyesal!!!! Jangan ke sini untuk camping!!! Cukup sekali ini!!! Jam 1 pagi masih karaoke pakai speaker keras teriak nyanyi suara fals!!! Harusnya pengurus bumi perkemahan ini bisa tegas.. Tadi jam 00.30 lapor satpam, tapi tidak digubris.. Kita di gunung kayak gini, pengen cari tempat sepi dan tenang.. Kalau ada pengunjung yg bikin suara keras dengan speaker besar dan keras harusnya diperingatkan supaya tidak mengganggu pengunjung lainnya.. Suara fals dipaksakan karaoke sungguh menusuk telinga.. 2 malam berturut gak bisa merasakan ketenangan bukit sekipan ini..",2025-12-17
4,4 tahun lalu,Dingin,2025-12-17
5,4 tahun lalu,"Dr jaman SMA sampai anak 3,sekipan selalu jd tempat paling favorit",2025-12-17
5,4 tahun lalu,"Lokasi paling fav buat ngecamp, unsur sungai, hutan, fasilitas ok banget...nuansanya dapet banget. N terakhir ngecamp bny perubahan. Ada glampingnya juga n dikelola lbh profesional juga. Sedikit ada perubahn harga juga sih, but its ok",2025-12-17
4,4 tahun lalu,Murah meriah dan bersih,2025-12-17
4,4 tahun lalu,Jalan agak sempit,2025-12-17
5,4 tahun lalu,"Tempat refreshing yg sangat menyenangkan,  bisa berkemah,  pokoknya nyaman dan segar sekali ...",2025-12-17
5,4 tahun lalu,Sejuk n nyaman pokoknya alam.banget,2025-12-17
5,4 tahun lalu,Tempat yang bagus,2025-12-17
4,4 tahun lalu,"Tempat wisata keluarga yg asri nyaman sejuk.. udaranya seger khas pegunungan, nyaman buat menghabiskan akhir pekan, ada villa juga..",2025-12-17
4,4 tahun lalu,"Hai, ini Salahuddin  Perkemahan Ekipan Saya perempuan dari Karanganyar. Tiket masuk pertama 20 ribu per orang. Tapi tempatnya cukup keren untuk berfoto.  Sip.",2025-12-17
5,4 tahun lalu,"Enak buat campcer sama temen., keluarga dsb., tempatnya luas., fasilitas memadai",2025-12-17
5,4 tahun lalu,"Mereka baru saja meningkatkan fasilitas perkemahannya, lokasi perkemahan modern dengan rumah pohon baru dan area tenda berkemah bergaya wigwam yang didukung oleh lanskap yang lebih baik dan lokasi jembatan gantung yang menarik. Lokasi â€¦",2025-12-17
5,Diedit 4 tahun lalu,Passs bikin kemah krmahan asiikk,2025-12-17
5,4 tahun lalu,"Mereka baru saja meningkatkan fasilitas perkemahannya, lokasi perkemahan modern dengan rumah pohon baru dan area tenda berkemah bergaya wigwam yang didukung oleh lanskap yang lebih baik dan lokasi jembatan gantung yang menarik. Lokasi perkemahan konvensional juga masih tersedia. Nikmati berkemah dengan alunan musik aliran sungai dan dikelilingi hutan pinus yang indah, sangat direkomendasikan.",2025-12-17
5,4 tahun lalu,bagus.. menarik.. interested.. cozy place at natural place,2025-12-17
4,4 tahun lalu,"Tempatnya lumayan enak buat camping, bisa dekat dengan kendaraan, tapi sayang fasilitas toiletnya masih kurang banyak",2025-12-17
5,4 tahun lalu,"Enak, sejuk, murah, cocok buat kegiatan bersama",2025-12-17
1,4 tahun lalu,Cuma lewat,2025-12-17
5,4 tahun lalu,Kerennn,2025-12-17
5,4 tahun lalu,sekarang bersih,2025-12-17
5,4 tahun lalu,"sejuk, tdk dingin tp tdk terik, pepohonan ckup tinggi & besar jd bkin teduh lokasi tp area ttp lapang... favorit!",2025-12-17
5,4 tahun lalu,Bagus sejuk cocok untuk camping keluarga,2025-12-17
4,4 tahun lalu,"Mantabz, jos",2025-12-17
4,4 tahun lalu,Kbetulan pandemi jadi sepi banget tp tempat ok laaaaa cocok buat libur kluarga,2025-12-17
5,4 tahun lalu,"Jalan masuk sudah mulus, hawa segar, saat ini masih dilakukan pembangunan utk mempercantik kawasan tersebut.. Wlpn begitu tidak mengurangi keasriannya .",2025-12-17
4,4 tahun lalu,Saat renovasi selesai nanti tenda mungkin bisa didirikan disamping mobil seperti yg disenangi para campervan. Lokasi ok cukup dingin dan sinar matahari baru dirasakan stlh jam 11siang. Daerah tawangmangu perlu camper ground yg saat ini mulai banyak penyukanya.. Bahkan para campervan dari Jakarta dan Bali pun suka mengeksplorasi destinasi di jateng dan jatim,2025-12-17
5,4 tahun lalu,kemarin itu lagi tahap pembangunan ulang buper dan taman untuk anak anak. infonya awal 2021 mulai launching New Buper Skipan. Semoga jadi lebih baik dan bermanfaat. intinya udara sejuk dan dingin serta moment asyik lah kalau kesini.,2025-12-17
5,4 tahun lalu,Dulu masih asri. Sekarang banyak vila. Jadi agak mengurangi kesan alami.,2025-12-17
3,5 tahun lalu,Tampaknya selama covid ini akses menuju masuk sekipan yg naik lagi masih ditutup. Namun kamu bisa mengunjungi daya tarik lain di sekipan.,2025-12-17
5,5 tahun lalu,Asri dan alami..udara bersih..segar.. menyehatkan..,2025-12-17
5,5 tahun lalu,Indah,2025-12-17
4,5 tahun lalu,Saat ini ditutup dikarenakan sedang ada perbaikan sarana... Nanti ahkir tahun pokok e enak deh... Karena bakal ada wahana dan wisata baru,2025-12-17
3,Diedit 5 tahun lalu,"murah. nyaman. sayangnya terlalu berisik. banyak yg berkemah lupa tujuan awal camping, pada bawa speaker, organ tunggal, jadi berasa kek outdoor liquid. tinggal ngasih lc aj deh",2025-12-17
4,5 tahun lalu,"piknik murah...buat yang pingin camping bareng kiddos tempat ini friendly bangettt, berada diujung timur kabupaten Karanganyar dengan udara yang dingin..sejuk..dan memanjakan mata...baik untuk refreshing setelah sepekan rutin bekerja...fasilitas untuk camping di akomodir disini mulai dari persewaan tenda dan bahkan kayu bakar buat api unggun...seruuuu...kalo cuma piknik ya adorable bangett..tinggal bawa bekal, gelar tikar...bakal betah seharian disini, mau masak2 sendiri juga bisaaa..bawa kompor buat camping terus masak deh mie favorit kamu...ada toilet..tapi ini nih minusnya...ga ada penjaga khususnya jadi yaa kesannya kumuh...yang penting jaga adab saja sihh, jangan buang sampah sembarangan, instagramable pokok na mah...kuy piknik!!",2025-12-17
4,5 tahun lalu,"Sudah banyak berubah, tidak se asri dan se alami dulu..terlalu banyak warung",2025-12-17
5,5 tahun lalu,"Suasananya adem,asri,warung2 kopi disana harganya terjangkau.",2025-12-17
5,5 tahun lalu,"Udaranya segar dan dingin,tempatnya luas,kalo hari biasa sepi tapi untuk weekend ramee poll,untuk bulan november ini sering hujan jadi jangan lupa bawa mantol(jas hujan) dan jaket yang hangat.",2025-12-17
5,5 tahun lalu,"Tempat Luas Poll, Kamar Mandi Bersih di Warung yg bentuknya joglo, setiap pohon samping jalan ada colokan listrik tapi ga semua yaa, warung2 nyewain olor kabel tenda jg ada, intiny kalo mau camping dan gamau ribet ya kesinii",2025-12-17
5,5 tahun lalu,"jika berkunjung di area buper sekipan disarankan juga berkunjung di area taman sekarjinggo, disini pengunjung bisa menikmati pemandangan taman dan kolam, pengunjung juga bisa melakukan camp disekitaran kolam, namun tidak ada sinyal hp didaerah ini, untuk memasuki area perkemahan ini ada 2 tiket masuk",2025-12-17
5,5 tahun lalu,"aku rekomendasi in banget buat ngecamp di sini buat rekreasi, kegiatan bareng2, atau sekadar melepas penat dari ramainya kota..  oiya btw di sini ada air terjun kecil gitu, atau mungkin lebih sering disebut curug ya.. kamu tinggal ikutin jalan yang lurus itu, walaupun makin lama jalannya makin ga meyakinkan, but trust me you'll find such a mini water fallğŸ’¦ ada kolam bagus juga..  btw jangan lupa liat petanya kalo ga pengen ngelewatin satupun spot di daerah sini, have fun guysâœ¨",2025-12-17
5,5 tahun lalu,Camping Disini dgn anak2 & keluarga aman nyaman... Camp per org 15rb Wisata 10rb... Parkir 5rb... Sepuasnya...,2025-12-17
4,Diedit 5 tahun lalu,"Tempatnya adem, cocok buat outbond dan ngecamp. Asri gitu karena letaknya di pegunungan. Buat yang pengen ngadain kegiatan outdoor dengan view ijo-ijo cocok nih.",2025-12-17
5,5 tahun lalu,Tempat yang dingin sejuk,2025-12-17
5,5 tahun lalu,tempat yang bagus untuk mengamati burung,2025-12-17
3,5 tahun lalu,Suasana hutannya dapet.. tapi jalur trackingnya nyaman.. sayang beberapa tempat kurang terawat.. wahananya ditambah pasti lebih seru,2025-12-17
5,5 tahun lalu,Sangat indah...,2025-12-17
5,5 tahun lalu,"suasananya masih terasa alam, dan tidak terlalu dingin tempatnya meskipun berada di daerah pegunungan",2025-12-17
5,Diedit 5 tahun lalu,Tempatnya keren ğŸ‘ğŸ‘ â€¦,2025-12-17
5,5 tahun lalu,"Tempat yang sejuk, bersih, dan indah",2025-12-17
1,5 tahun lalu,"Jalanmu mungkin tertutup bro, ban motorku tergores",2025-12-17
5,5 tahun lalu,Yang suka camping penuh tantangan harus coba disini....sekalian uji nyali,2025-12-17
5,5 tahun lalu,Nyaman bersih,2025-12-17
4,5 tahun lalu,Fasilitas lengkap.  Opsi untuk sejenak jauh dari hiruk pikuk kota.  Recommended,2025-12-17
4,5 tahun lalu,"Kuy cobain ke BuPer Sekipanâ˜€ udaranya bener seger banget, cuacanya sejuk, penuh dengan kesegaran alamiah, banyak juga fila-fila, tempat makan, tempat bermain, tentunya cocok banget yang mau ngecamp â›º bisa juga langsung liat perkebunan buah / sayur... Untuk perjalanan lumayan menanjak, sedikit bergelombang, dan berkelok..tetapi untuk view tetap OKğŸ‘Œ",2025-12-17
5,5 tahun lalu,mbolapala outdoor rental alat2 camping 081228224789,2025-12-17
5,Diedit 5 tahun lalu,Tempatnya cocok sekali untuk kemah. Penataan parkir saja yg kurang...,2025-12-17
4,5 tahun lalu,Ingat masa lalu.. Dulu sering ngecamp disini,2025-12-17
4,5 tahun lalu,Siippp ademnya pas,2025-12-17
5,5 tahun lalu,Tempat enak untuk piknik,2025-12-17
4,5 tahun lalu,"lumayan , tapi beda ama yg dulu",2025-12-17
4,5 tahun lalu,"Kalau buat kemah sih bagus banget nih tempatnya, tapi kalau niatnya foto doang rasanya ga terlalu menarik. Suhunya pas, ga terlalu dingin. Udaranya sejuk karena banyak pohon.  Nah, spot fotonya itu cuma pohon, setau saya. Koreksi kalo salah. Dan jangan pacaran di sini, ga enak haha",2025-12-17
